aq_id,patient_id,case_id,survival_status,survival_day,status
13695_37615,412,439,1,945.7716449,NED
8507_47458,445,478,0,1019.519908,DOC
14083_45876,454,488,0,963.7104116,NED
10138_32252,598,643,0,706.5880887,DOC
10906_42238,641,697,1,424.5508121,NED
10684_40851,641,697,1,424.5508121,DOC
17063_39444,850,914,1,506.2718605,NED
8687_39924,1244,1330,1,135.5373485,DOC
15335_44794,1550,1649,0,705.5914906,NED
14318_36086,1828,1944,0,2688.82181,DOC